ticket,symbol,direction,lot,entry_price,sl,tp,signal_score,is_exhausted,entry_time,exit_price,exit_time,result,pnl,status,ind_open,ind_high,ind_low,ind_close,ind_volume,ind_ema_9,ind_ema_20,ind_ema_50,ind_ema_200,ind_sma_10,ind_sma_20,ind_sma_50,ind_sma_200,ind_macd,ind_macd_signal,ind_histogram,ind_atr,ind_di_pos,ind_di_neg,ind_adx,ind_supertrend,ind_supertrend_dir,ind_supertrend_flip,ind_psar,ind_psar_dir,ind_ichi_tenkan,ind_ichi_kijun,ind_ichi_span_a,ind_ichi_span_b,ind_ichi_cloud_top,ind_ichi_cloud_bot,ind_ichi_cloud_bull,ind_ichi_tk_bull,ind_ichi_tk_bear,ind_rsi,ind_stoch_k,ind_stoch_d,ind_cci,ind_williams_r,ind_mfi,ind_bb_mid,ind_bb_upper,ind_bb_lower,ind_bb_pct,ind_obv,ind_obv_ema,ind_vwap,ind_fib_swing_high,ind_fib_swing_low,ind_fib_236,ind_fib_382,ind_fib_500,ind_fib_618,ind_fib_786,ind_rsi_bull_div,ind_rsi_bear_div,ind_rsi_hid_bull,ind_rsi_hid_bear,ind_bull_chain,ind_bear_chain,ind_close_slope,ind_fvg_bull,ind_fvg_bear,ind_ob_bull,ind_ob_bear,ind_ob_bull_high,ind_ob_bull_low,ind_ob_bear_high,ind_ob_bear_low,ind_bos_bull,ind_bos_bear,ind_choch_bull,ind_choch_bear,ind_liq_bull_sweep,ind_liq_bear_sweep,ind_candle_pat,ind_candle_ex,ind_h1_datetime,ind_h1_open,ind_h1_high,ind_h1_low,ind_h1_close,ind_h1_volume,ind_h1_ema_9,ind_h1_ema_20,ind_h1_ema_50,ind_h1_ema_200,ind_h1_sma_10,ind_h1_sma_20,ind_h1_sma_50,ind_h1_sma_200,ind_h1_macd,ind_h1_macd_signal,ind_h1_histogram,ind_h1_atr,ind_h1_di_pos,ind_h1_di_neg,ind_h1_adx,ind_h1_supertrend,ind_h1_supertrend_dir,ind_h1_supertrend_flip,ind_h1_psar,ind_h1_psar_dir,ind_h1_ichi_tenkan,ind_h1_ichi_kijun,ind_h1_ichi_span_a,ind_h1_ichi_span_b,ind_h1_ichi_cloud_top,ind_h1_ichi_cloud_bot,ind_h1_ichi_cloud_bull,ind_h1_ichi_tk_bull,ind_h1_ichi_tk_bear,ind_h1_rsi,ind_h1_stoch_k,ind_h1_stoch_d,ind_h1_cci,ind_h1_williams_r,ind_h1_mfi,ind_h1_bb_mid,ind_h1_bb_upper,ind_h1_bb_lower,ind_h1_bb_pct,ind_h1_obv,ind_h1_obv_ema,ind_h1_vwap,ind_h1_fib_swing_high,ind_h1_fib_swing_low,ind_h1_fib_236,ind_h1_fib_382,ind_h1_fib_500,ind_h1_fib_618,ind_h1_fib_786,ind_h1_rsi_bull_div,ind_h1_rsi_bear_div,ind_h1_rsi_hid_bull,ind_h1_rsi_hid_bear,ind_h1_bull_chain,ind_h1_bear_chain,ind_h1_close_slope,ind_h1_fvg_bull,ind_h1_fvg_bear,ind_h1_ob_bull,ind_h1_ob_bear,ind_h1_ob_bull_high,ind_h1_ob_bull_low,ind_h1_ob_bear_high,ind_h1_ob_bear_low,ind_h1_bos_bull,ind_h1_bos_bear,ind_h1_choch_bull,ind_h1_choch_bear,ind_h1_liq_bull_sweep,ind_h1_liq_bear_sweep,ind_h1_candle_pat,ind_h1_candle_ex
92268746,XAUUSD.m,BUY,0.01,4381.94,4375.301712614095,4390.926574771811,9.142,False,2026-08-17T01:50:54+00:00,4375.28,2026-08-17T02:22:54+00:00,LOSS,-6.66,CLOSED,4380.06,4380.72,4379.68,4380.51,68,4377.286098875164,4376.149815092284,4376.729366318649,4366.63078203042,4376.264,4375.2755,4376.066,4365.71025,0.6806319014331166,-0.14020795344427778,0.8208398548773943,2.60414369295273,29.639936022129977,9.103334884365106,25.9813825141944,4372.429549514295,1,0,4372.520773423161,1,4376.385,4375.785,4376.01,4383.785,4383.785,4376.01,0,0,0,61.95036088830903,97.69230769230738,89.92147128614009,228.4411369325248,-2.3076923076926152,64.29980819888996,4375.2755,4379.846776339354,4370.704223660646,1.0725425036041725,574.0,156.41533426615686,4375.063979004616,4382.67,4370.85,4379.88048,4378.15476,4376.76,4375.36524,4373.3794800000005,0,0,0,0,6.0,2.0,3.9400000000005093,1,0,0,0,nan,nan,nan,nan,1,0,0,0,0,0,0,0,2026-08-17 01:00:00+00:00,4378.54,4380.72,4371.62,4380.51,3575,4375.8809426185035,4369.474517420073,4370.155087190377,4307.130936541805,4380.119,4360.2205,4372.9082,4308.62405,4.896531184804189,2.0735751167061283,2.822956068098061,14.251971770540846,21.87650719500857,15.150258307390235,21.139890658127182,4338.549472732924,1,0,4394.93412288,-1,4383.6,4353.91,4388.5225,4400.48,4400.48,4388.5225,0,0,0,56.753972916744715,70.08360596146873,69.53523531444218,56.96331867495702,-29.916394038531273,71.54150168326181,4360.2205,4407.564688539076,4312.876311460925,0.7142765630385008,34223.0,26217.23281934358,4360.292634125318,4449.7,4310.85,4416.9314,4396.6593,4380.275,4363.8907,4340.5639,0,0,0,0,3.0,5.0,2.119999999999891,0,0,0,0,nan,nan,nan,nan,0,0,0,0,0,0,1,0
92278020,XAUUSD.m,BUY,0.01,4382.07,4373.890740014534,4397.408519970931,9.45,False,2026-08-17T03:16:54+00:00,4397.47,2026-08-17T03:52:27+00:00,WIN,15.4,CLOSED,4378.74,4381.73,4378.46,4381.73,257,4375.649380178319,4375.487550526567,4376.2162361811925,4368.701404273604,4373.105,4376.592,4375.6254,4369.9296,-0.16415025316109677,-0.6969291551819413,0.5327789020208445,3.9196299927328075,27.88786013139411,15.996777173669095,22.07175981568999,4367.641155553164,1,1,4367.3366000000005,1,4374.41,4376.63,4375.327499999999,4379.13,4379.13,4375.327499999999,0,0,0,59.61005936208948,90.42618900555763,63.50274021501323,65.4667585479938,-9.573810994442374,48.861631808473895,4376.592,4386.94265337375,4366.24134662625,0.7481968922382359,20.0,-316.43138180601005,4375.8004968739715,4386.17,4367.09,4381.66712,4378.88144,4376.63,4374.37856,4371.17312,0,0,0,0,7.0,1.0,11.449999999999818,1,0,0,0,nan,nan,nan,nan,0,0,0,0,0,0,0,0,2026-08-17 03:00:00+00:00,4370.28,4381.73,4368.07,4381.73,2420,4376.838123275842,4371.127426472921,4370.807192995233,4308.651584342812,4380.071999999999,4366.132,4371.5174,4311.7661,4.898730692208119,3.0977061490219286,1.8010245431861902,14.865573095455703,20.34227485069089,14.545200669372639,20.863031738072774,4338.549472741236,1,0,4392.357912486912,-1,4381.88,4353.91,4384.8225,4396.78,4396.78,4384.8225,0,0,0,55.628507864278056,68.71278998152191,65.36213458235018,45.19871204357589,-31.287210018478095,64.54990276502286,4366.132,4405.652129767558,4326.611870232441,0.6973424694167392,31847.0,26953.07083497882,4366.153143874755,4449.7,4310.85,4416.9314,4396.6593,4380.275,4363.8907,4340.5639,0,0,0,0,3.0,4.0,5.449999999999818,0,0,0,0,nan,nan,nan,nan,0,0,0,0,0,0,0,0
92286674,XAUUSD.m,BUY,0.01,4405.2,4395.325635491148,4423.7187290177035,9.172,False,2026-08-17T04:00:54+00:00,4395.33,2026-08-17T04:49:27+00:00,LOSS,-9.87,CLOSED,4400.72,4406.95,4399.63,4404.79,211,4394.789974505199,4387.832661657708,4382.059678037621,4370.982126084447,4393.729,4383.065,4378.9782000000005,4372.6702000000005,6.486271072330055,4.030623368189826,2.4556477041402296,4.732182254425924,42.653638981000995,7.509295578791148,39.81012983227246,4388.2556089923255,1,0,4386.01408072983,1,4395.48,4387.02,4377.6050000000005,4377.305,4377.6050000000005,4377.305,1,0,0,75.49508024240392,94.44444444444484,96.00683636906676,134.99696843986337,-5.5555555555551654,88.27056873454687,4383.065,4406.9853516080375,4359.144648391962,0.9541112178447279,3793.0,1658.6970910423006,4382.871780849707,4406.95,4367.09,4397.54304,4391.72348,4387.02,4382.31652,4375.62004,0,0,0,0,7.0,1.0,9.019999999999527,1,0,0,0,nan,nan,nan,nan,1,0,0,0,0,0,0,2,2026-08-17 04:00:00+00:00,4400.72,4406.95,4399.63,4404.79,211,4385.439698620675,4375.955063861613,4372.84913727187,4309.896447454623,4384.293,4370.9695,4371.8268,4313.6089,8.073933329901593,4.33316116964467,3.740772160256922,15.682980859087138,26.84820009284979,12.802302307643096,22.90229222711192,4356.788904698429,1,0,4367.09,1,4387.02,4358.9,4384.8225,4396.78,4396.78,4384.8225,0,0,0,63.28301553014566,96.30326886873202,80.28823934206402,132.15048311925833,-3.696731131267974,70.47160662581277,4370.9695,4411.606965459231,4330.332034540769,0.9161246231501546,34032.0,24847.136653833913,4368.944671604555,4449.7,4310.85,4416.9314,4396.6593,4380.275,4363.8907,4340.5639,0,0,0,0,6.0,1.0,29.019999999999527,1,0,0,0,nan,nan,nan,nan,1,0,0,0,0,0,0,0
92353335,XAUUSD.m,BUY,0.01,4409.05,4401.366982131646,4423.816035736709,9.142,False,2026-08-17T10:36:55+00:00,4401.36,2026-08-17T11:01:27+00:00,LOSS,-7.6899999999999995,CLOSED,4407.13,4408.87,4406.75,4408.85,272,4402.665560210646,4400.011196348489,4396.984946563809,4388.840629591824,4401.897,4399.029500000001,4396.4439999999995,4387.3508,2.5379954526551955,1.623523580486562,0.9144718721686336,3.741508934177166,35.51343215848762,14.31964866861717,19.804486086429744,4396.719309473078,1,0,4396.64,1,4402.48,4400.555,4393.165,4401.64,4401.64,4393.165,0,0,0,66.8906939505194,99.86842105263469,97.27415948040202,187.69852533691798,-0.1315789473653112,49.357747185189794,4399.029500000001,4407.716061853901,4390.3429381461,1.0652696754579714,-1181.0,-2542.5706916645,4398.776526035132,4408.87,4386.89,4403.68272,4400.47364,4397.88,4395.28636,4391.59372,0,0,0,0,6.0,2.0,11.390000000000327,1,0,0,0,nan,nan,nan,nan,1,0,0,0,0,0,0,2,2026-08-17 10:00:00+00:00,4403.09,4408.87,4396.09,4408.85,4858,4395.665488355219,4385.802830073756,4377.999532892749,4315.91847574553,4394.008,4386.4995,4370.1986,4323.41595,9.884546553699693,7.6294678140351815,2.255078739664511,15.003956754835903,25.11460510101157,10.749559857750647,28.100221953675316,4358.630321116576,1,0,4376.991191251967,1,4391.74,4363.675,4349.93,4380.275,4380.275,4349.93,0,0,0,63.30157431586336,84.7058823529413,71.27112914131133,140.393006305283,-15.294117647058693,62.171688842991884,4386.4995,4409.616523551874,4363.382476448126,0.9834207991752619,34746.0,23045.44250330911,4386.769151814875,4416.39,4310.85,4391.48256,4376.07372,4363.620000000001,4351.16628,4333.43556,0,0,0,1,7.0,1.0,11.770000000000437,0,0,0,0,nan,nan,nan,nan,0,0,0,0,0,0,0,2
92391663,XAUUSD.m,BUY,0.01,4399.09,4391.534549782341,4413.48090043532,9.05,False,2026-08-17T13:57:55+00:00,4391.48,2026-08-17T15:26:04+00:00,LOSS,-7.61,CLOSED,4397.64,4399.44,4397.11,4398.85,251,4397.668551792996,4397.3762581315095,4397.52411254001,4392.488442560061,4397.8550000000005,4396.489500000001,4399.1248000000005,4389.6232,0.04380121737631271,-0.3240162059128561,0.36781742328916883,3.657725108829846,23.28075329661494,9.855694865646617,25.113630220248005,4387.884076528121,1,0,4392.950543073601,1,4398.775,4398.775,4400.929999999999,4399.125,4400.929999999999,4399.125,1,0,0,52.7042462813303,50.54387237128552,42.97800338409426,90.45888232617155,-49.45612762871448,50.49313219055233,4396.489500000001,4401.524344794514,4391.454655205487,0.7344163620070325,-2722.0,-2242.869178070313,4396.630324656852,4411.36,4391.88,4406.76272,4403.91864,4401.62,4399.32136,4396.04872,0,0,1,1,6.0,2.0,2.850000000000364,0,0,0,0,nan,nan,nan,nan,0,0,0,0,0,0,0,0,2026-08-17 13:00:00+00:00,4395.6,4405.67,4391.88,4398.85,5611,4395.829898037873,4388.3487872848345,4379.967395013018,4317.429310964118,4396.921,4389.4375,4370.684,4328.0117,8.529757195669845,8.143899304818369,0.3858578908514758,14.462204469602307,24.350123629534103,10.453687654673306,29.971984093568572,4359.128321108124,1,0,4381.5324555435,1,4399.125,4379.17,4348.225,4380.275,4380.275,4348.225,0,0,0,57.82906303928976,64.42190669371217,59.58079783637624,78.11085334676505,-35.578093306287826,63.15355752084569,4389.4375,4410.243703401947,4368.631296598053,0.7261945588573763,37373.0,21895.553618209375,4390.616316197634,4416.39,4310.85,4391.48256,4376.07372,4363.620000000001,4351.16628,4333.43556,0,0,0,0,4.0,4.0,-4.229999999999563,0,0,0,0,nan,nan,nan,nan,0,0,0,0,0,0,0,0
92444945,XAUUSD.m,BUY,0.01,4407.85,4396.457391514152,4429.885216971697,10.072,False,2026-08-17T16:56:55+00:00,4430.11,2026-08-18T03:23:52+00:00,WIN,22.26,CLOSED,4401.51,4407.81,4401.47,4407.6,413,4394.288427231216,4391.556143839391,4392.898987858343,4391.794369725791,4391.213,4387.8324999999995,4393.8468,4392.44905,1.2340954062747187,-1.4017657212624959,2.635861127537215,5.5713042429243,35.61192277609903,12.628628110063412,21.784391118507674,4386.618515046173,1,0,4384.59,1,4395.030000000001,4392.56,4399.795,4401.62,4401.62,4399.795,0,0,0,71.16500483909898,99.29883138564263,92.5467236677186,275.54457668990636,-0.7011686143573665,78.17005308677578,4387.8324999999995,4401.870038958092,4373.794961041907,1.204094216907069,308.0,-692.4640056586923,4387.677123270827,4407.81,4377.31,4400.612,4396.159000000001,4392.56,4388.961,4383.837,0,0,0,0,5.0,3.0,19.07000000000062,1,0,0,0,nan,nan,nan,nan,1,0,0,0,0,0,0,2,2026-08-17 16:00:00+00:00,4384.89,4407.81,4381.77,4407.6,10090,4396.571723795392,4390.552452603043,4381.854941951111,4322.21607616251,4397.268,4390.9625,4371.8668,4332.7823,7.463060334165675,7.791881383468723,-0.32882104930304745,15.44610427696946,22.4716208310298,15.596029542598536,28.26731967036846,4359.554766965579,1,0,4415.6084,-1,4394.335,4382.455,4345.5425000000005,4380.275,4380.275,4345.5425000000005,0,0,0,59.73154335457672,81.8087748344374,59.41969303135743,66.92518439360451,-18.191225165562606,67.17445882815421,4390.9625,4413.134884792153,4368.790115207847,0.8751851719145896,24875.0,15377.568137314775,4392.179001604925,4416.39,4310.85,4391.48256,4376.07372,4363.620000000001,4351.16628,4333.43556,0,0,0,1,4.0,4.0,12.079999999999927,0,0,0,0,nan,nan,nan,nan,0,0,0,0,0,0,0,0
92533795,XAUUSD.m,BUY,0.01,4429.71,4421.50185103339,4445.166297933221,10.252,False,2026-08-18T03:41:54+00:00,4421.38,2026-08-18T04:25:38+00:00,LOSS,-8.33,CLOSED,4432.99,4433.02,4428.87,4429.39,254,4428.159576962181,4424.460408680218,4419.886200462002,4410.767962324663,4427.293,4423.5125,4418.659799999999,4408.8456,3.896174644810344,3.1404258603307915,0.7557487844795525,3.9440744833051538,26.072579206012485,11.347593747668974,29.74757350186176,4419.063087984419,1,0,4421.4766978304,1,4426.215,4421.594999999999,4415.1625,4410.639999999999,4415.1625,4410.639999999999,1,0,0,63.36794607439408,71.94194885971376,88.51622404317807,120.53651754314932,-28.058051140286242,66.53587610721398,4423.5125,4434.334502684628,4412.690497315371,0.7715532499520136,3550.0,2153.4660549489427,4424.116311283254,4433.45,4409.74,4427.85444,4424.39278,4421.594999999999,4418.7972199999995,4414.81394,0,0,1,0,6.0,2.0,1.5100000000002183,0,0,0,0,nan,nan,nan,nan,0,0,0,0,0,0,0,0,2026-08-18 03:00:00+00:00,4425.86,4433.45,4418.98,4429.39,5788,4418.023862698853,4409.009920929442,4394.255223015161,4331.463360890846,4419.2300000000005,4408.3085,4381.076,4347.5774,10.638510736677745,10.001274734126367,0.6372360025513775,14.932539337158465,25.108900217637377,17.171575967002713,21.812188136923048,4382.089592272467,1,0,4402.811111630921,1,4415.8099999999995,4400.27,4367.6675,4380.275,4380.275,4367.6675,0,0,0,62.258865941823416,92.76807980049959,84.69511733263198,125.16281880200782,-7.231920199500415,71.75714563464818,4408.3085,4434.767531509572,4381.849468490428,0.8983800388229183,54318.0,45324.81976157628,4407.557295389495,4433.45,4310.85,4404.5163999999995,4386.6168,4372.15,4357.6832,4337.0864,0,1,0,0,4.0,4.0,9.61999999999989,1,0,0,0,nan,nan,nan,nan,1,0,0,0,0,0,0,0
92600505,XAUUSD.m,BUY,0.01,4399.54,4394.992017283547,4402.782386173161,10.21,True,2026-08-18T09:27:54+00:00,4403.06,2026-08-18T10:26:13+00:00,WIN,3.52,CLOSED,4397.73,4399.62,4396.67,4399.32,361,4395.514719462106,4394.511544924563,4397.403788087573,4404.908368847371,4395.048000000001,4393.7035,4394.8736,4410.1045,0.3290187809980125,-0.6159768635671414,0.944995644565154,3.462386173161864,23.582227742523717,23.022044742984523,22.051519719531722,4387.546228741787,1,1,4388.603768,1,4393.615,4392.844999999999,4395.49,4412.945,4412.945,4395.49,0,0,0,58.85048090244006,97.78597785977729,92.13798200129152,173.71684464345955,-2.2140221402227147,69.47816781748699,4393.7035,4399.431136694689,4387.975863305311,0.9902982066938778,119.0,-1480.8221139802592,4393.17390037096,4405.35,4386.07,4400.79992,4397.9850400000005,4395.71,4393.43496,4390.19592,0,0,0,0,8.0,0.0,6.4399999999996,1,0,0,0,nan,nan,nan,nan,1,0,0,0,0,0,0,2,2026-08-18 09:00:00+00:00,4394.29,4399.62,4387.61,4399.32,3867,4402.8080321033285,4404.037624355524,4395.149914996948,4342.535574067265,4407.545,4408.6955,4388.1856,4354.2461,1.8306588796713186,5.698946018788411,-3.8682871391170925,14.727223285493812,17.786322903078627,23.10389246519054,18.012401047053423,4382.3835922739645,1,0,4425.3820504000005,-1,4411.045,4406.665000000001,4377.68,4380.275,4380.275,4377.68,0,0,0,48.70528890915739,26.52652652652614,17.5600281132192,-76.2992736760492,-73.47347347347386,35.95497279643676,4408.6955,4435.994957079683,4381.396042920316,0.32828413084124325,30046.0,26048.741703595584,4408.495889041233,4436.02,4310.96,4406.505840000001,4388.24708,4373.49,4358.73292,4337.72284,0,0,0,0,3.0,5.0,-0.5700000000006185,0,0,0,0,nan,nan,nan,nan,0,0,0,0,0,0,0,2
92828877,XAUUSD.m,BUY,0.01,4343.13,4334.378284262312,4359.463431475374,9.14,False,2026-08-19T03:14:54+00:00,4334.08,2026-08-19T04:00:20+00:00,LOSS,-9.05,CLOSED,4339.97,4344.93,4338.4,4342.74,764,4336.120780044703,4335.301734256377,4340.335091616639,4364.578774684349,4333.736,4333.825500000001,4339.3236,4372.38725,-0.3968556869185704,-1.9765735614854287,1.5797178745668583,4.1808578688435345,29.733925039081097,13.469275666051303,28.14464850563997,4328.593906599288,1,1,4327.99016,1,4336.055,4336.055,4339.355,4348.709999999999,4348.709999999999,4339.355,0,0,0,64.08863665726338,87.66197183098305,84.21911231870814,264.19552497162834,-12.338028169016955,65.9155720150947,4333.825500000001,4340.424509415244,4327.226490584758,1.175442285277499,-8406.0,-10386.458890286403,4334.041296738265,4358.69,4327.18,4351.25364,4346.65318,4342.9349999999995,4339.21682,4333.92314,0,0,0,0,7.0,1.0,8.800000000000182,0,0,0,0,nan,nan,nan,nan,1,0,0,0,0,0,0,2,2026-08-19 03:00:00+00:00,4333.02,4344.93,4331.56,4342.74,2376,4348.926954424942,4365.901523888218,4379.67489494642,4359.0974344489405,4349.59,4372.3724999999995,4390.7396,4363.4214999999995,-16.704947768711463,-12.203068382416065,-4.501879386295398,15.116678207004055,9.77603178790535,31.26827646570174,36.0047363380576,4378.398651695797,-1,0,4380.142162466646,-1,4352.385,4381.6,4400.49,4369.8150000000005,4400.49,4369.8150000000005,1,0,0,31.57330593795959,19.62168978562375,11.121980417308896,-102.33991205303855,-80.37831021437626,27.707804660075794,4372.3724999999995,4422.752947282844,4321.992052717155,0.20591269432724643,-82580.0,-45808.503894730486,4375.074029511654,4436.02,4327.18,4410.33376,4394.443120000001,4381.6,4368.75688,4350.47176,0,0,0,0,3.0,5.0,-2.8200000000006185,0,0,0,0,nan,nan,nan,nan,0,0,0,0,0,0,0,0
92841765,XAUUSD.m,BUY,0.01,4351.77,4339.626629612261,4375.306740775479,10.208,False,2026-08-19T04:36:54+00:00,4339.37,2026-08-19T08:11:47+00:00,LOSS,-12.4,CLOSED,4350.63,4351.72,4350.15,4351.52,340,4343.946723170555,4341.44617825758,4341.350962269027,4361.297265214571,4341.588000000001,4341.8715,4337.4164,4367.56215,2.208231366932523,1.2023762406619172,1.005855126270606,5.94668519386971,24.68086800312608,20.910746929267507,23.139944077236716,4331.954204502434,1,0,4326.8771135744,1,4338.16,4338.16,4335.0325,4344.79,4344.79,4335.0325,0,0,0,63.681092949847674,99.262536873157,91.93019776931949,206.7272166383384,-0.7374631268429901,53.14055463366949,4341.8715,4350.626125303879,4333.116874696121,1.0510515678909262,-13973.0,-14069.30111654277,4340.906877909503,4351.72,4324.6,4345.3196800000005,4341.36016,4338.16,4334.95984,4330.40368,0,0,0,0,6.0,2.0,13.640000000000327,1,0,0,0,nan,nan,nan,nan,1,0,0,0,0,0,0,2,2026-08-19 04:00:00+00:00,4338.15,4351.72,4324.6,4351.52,7139,4348.706363539954,4364.133759729362,4378.40303283598,4362.423612486249,4347.644,4370.0405,4390.1622,4363.7651000000005,-15.994326446235391,-13.020290940239704,-2.974035505995687,16.123960555100087,9.440304022291732,30.304244291233267,36.92636295603302,4378.398651718073,-1,0,4374.845946219982,-1,4348.075000000001,4380.31,4401.605,4369.8150000000005,4401.605,4369.8150000000005,1,0,0,38.62593163631094,32.87738153395254,17.949459250283187,-83.47077930994767,-67.12261846604747,33.35362713531852,4370.0405,4420.7814268944085,4319.299573105592,0.3174993921717208,-74796.0,-53385.09308853079,4371.228794064312,4436.02,4324.6,4409.724880000001,4393.457560000001,4380.31,4367.16244,4348.443880000001,1,0,0,0,4.0,4.0,17.6200000000008,0,0,0,0,nan,nan,nan,nan,0,0,0,0,1,0,0,0
92913670,XAUUSD.m,BUY,0.01,4357.61,4349.0457098082425,4374.078580383517,10.478,False,2026-08-19T10:30:55+00:00,4374.33,2026-08-19T15:33:01+00:00,WIN,16.72,CLOSED,4356.73,4357.58,4356.26,4357.39,103,4352.109392485403,4348.51114574798,4347.167156868464,4354.196903710741,4351.107,4345.9465,4347.3174,4352.0526500000005,2.947753666182507,1.292245404669989,1.655508261512518,4.172145095879078,29.903741201599246,15.938499630313077,20.529440324969446,4344.66327678345,1,0,4347.392951027627,1,4350.6900000000005,4346.33,4346.0199999999995,4346.63,4346.63,4346.0199999999995,0,0,0,64.97396757096473,99.07317073170927,97.98410744427322,147.56554307116147,-0.9268292682907309,62.78710704711983,4345.9465,4359.053586512368,4332.839413487632,0.9365386613265186,-10255.0,-12078.992983588987,4344.677984952567,4360.32,4335.08,4354.363359999999,4350.67832,4347.7,4344.72168,4340.48136,0,0,0,0,6.0,2.0,7.0,1,0,0,0,nan,nan,nan,nan,1,0,0,0,0,0,0,2,2026-08-19 10:00:00+00:00,4349.09,4357.58,4347.46,4357.39,3638,4349.963305923819,4357.991242386766,4372.48841996074,4360.418426714917,4346.143,4356.6425,4385.412,4366.30405,-10.94292504652185,-12.6073176420135,1.66439259549165,14.870554804512162,15.140949960197187,25.617027085737785,34.05897362428965,4378.398651703948,-1,0,4324.6,1,4343.255,4365.54,4409.592500000001,4373.435,4409.592500000001,4373.435,1,0,0,46.83799531143268,75.0686813186823,49.340875819592874,-14.101136266217253,-24.931318681317702,46.61861166237386,4356.6425,4395.784863038127,4317.500136961873,0.5095484781957632,-57914.0,-48382.26184557435,4359.3410175074005,4436.02,4324.6,4409.724880000001,4393.457560000001,4380.31,4367.16244,4348.443880000001,0,0,0,1,3.0,5.0,2.5100000000002183,0,0,0,0,nan,nan,nan,nan,0,0,0,0,0,0,0,0
93004102,XAUUSD.m,BUY,0.01,4431.2,4415.720182514567,4461.529634970866,9.172,False,2026-08-19T15:55:55+00:00,4461.58,2026-08-19T16:17:20+00:00,WIN,30.38,CLOSED,4428.29,4431.5,4427.64,4430.99,196,4406.488267462226,4390.095054303922,4375.090913755638,4359.251373656988,4396.777,4382.013,4370.57,4352.291,14.831645886943079,8.16643382559338,6.665212061349699,7.634908742716651,51.074816974589474,4.644101233714022,41.834395497336324,4403.128182302827,1,0,4386.363755200001,1,4398.735000000001,4396.795,4362.977499999999,4353.26,4362.977499999999,4353.26,1,0,0,89.87449756283766,99.26523555683588,97.82698506312153,177.95192792955348,-0.7347644431641253,73.64213692371096,4382.013,4430.064079006459,4333.961920993541,1.009634757560973,3860.0,1710.4900584729585,4385.306782157316,4431.5,4353.44,4413.07784,4401.68108,4392.469999999999,4383.258919999999,4370.14484,0,0,0,0,7.0,1.0,18.30999999999949,1,0,0,0,nan,nan,nan,nan,1,0,0,0,0,0,0,0,2026-08-19 15:00:00+00:00,4364.6,4431.5,4362.09,4430.99,9456,4372.250421525118,4366.215206613751,4373.283734401429,4361.599638307098,4362.32,4354.7275,4383.1908,4369.62125,0.8431318697184906,-7.388351820544816,8.231483690263307,17.951559983698814,37.326650845638746,14.649752010776036,28.70023266402991,4339.502906775375,1,1,4334.255841289728,1,4383.29,4378.05,4408.8550000000005,4373.49,4408.8550000000005,4373.49,1,1,0,73.52258960737399,99.52291861552833,91.89559507097613,320.05436284445204,-0.4770813844716745,75.94226738972218,4354.7275,4396.699870297844,4312.7551297021555,1.4084845513706472,-24520.0,-37029.687226237394,4354.992167061876,4436.02,4324.6,4409.724880000001,4393.457560000001,4380.31,4367.16244,4348.443880000001,0,0,0,0,6.0,2.0,75.31999999999971,0,0,0,0,nan,nan,nan,nan,1,0,0,0,0,0,1,0
93047178,XAUUSD.m,BUY,0.01,4462.81,4442.2302562715795,4503.399487456841,9.682,False,2026-08-19T17:05:55+00:00,4503.5,2026-08-19T22:09:18+00:00,WIN,40.69,CLOSED,4460.47,4464.82,4460.47,4462.62,203,4455.982877524999,4440.472514075552,4409.810646475899,4370.686428559287,4458.243,4443.361,4397.936,4359.9361,19.80017971721736,20.779307920939512,-0.9791282037221514,10.19487186421026,32.356729372827836,10.840892904707301,54.741931782338355,4430.646579799985,1,0,4442.31,1,4454.22,4414.110000000001,4367.297500000001,4362.540000000001,4367.297500000001,4362.540000000001,1,0,0,73.31969515716493,91.55031295137164,88.78596420588799,73.86376222571079,-8.44968704862836,54.6326963329129,4443.361,4486.984147838857,4399.737852161143,0.7207428963075093,9842.0,6667.260665417403,4441.040560883052,4466.13,4359.59,4440.98656,4425.4317200000005,4412.860000000001,4400.28828,4382.3895600000005,0,0,1,0,5.0,3.0,12.300000000000182,0,0,0,0,nan,nan,nan,nan,0,0,0,0,0,0,0,2,2026-08-19 17:00:00+00:00,4459.41,4464.82,4455.24,4462.62,1315,4405.3223497760755,4384.0638679626545,4380.322479443652,4361.145093301777,4385.008,4365.1545,4385.9048,4371.86755,14.24016207695422,-0.4325614866134009,14.672723563567622,19.5759026063904,40.988906273651395,11.583539040606237,32.71410311311036,4396.93836447927,1,0,4359.578066301465,1,4400.705,4395.365,4400.870000000001,4381.98,4400.870000000001,4381.98,1,0,0,78.52281241205333,97.519960432417,96.70537212688045,269.7433199987064,-2.4800395675830034,82.07451998726218,4365.1545,4444.654021210064,4285.654978789936,1.1129942578048007,8102.0,-14896.451028480067,4364.562175651348,4466.13,4324.6,4432.7289200000005,4412.0655400000005,4395.365,4378.66446,4354.88742,0,0,0,1,6.0,2.0,95.43000000000029,1,0,0,0,nan,nan,nan,nan,0,0,0,0,0,0,0,2
93133966,XAUUSD.m,BUY,0.01,4507.31,4497.200951491827,4527.018097016346,9.412,False,2026-08-19T22:28:55+00:00,4497.14,2026-08-20T04:02:23+00:00,LOSS,-10.17,CLOSED,4505.31,4507.6,4503.28,4507.14,653,4500.6743303919775,4495.631485305513,4486.093314588863,4428.557350921456,4499.383,4492.2965,4491.7748,4407.48315,4.683326152949121,2.6671427991667818,2.0161833537823393,4.969524254086318,33.91819330440329,13.841950073405865,23.654103079175147,4490.891199803321,1,0,4488.253862925108,1,4498.515,4489.8150000000005,4490.897499999999,4461.92,4490.897499999999,4461.92,1,0,0,68.83883939833767,98.70677537250484,97.40987862162909,130.3371880854249,-1.29322462749516,77.93694818643351,4492.2965,4510.881548065112,4473.711451934889,0.8993398335047796,23336.0,20187.24285232275,4491.370471036899,4507.6,4472.03,4499.2054800000005,4494.01226,4489.8150000000005,4485.61774,4479.64198,0,0,0,0,5.0,3.0,2.0399999999999636,0,0,0,0,nan,nan,nan,nan,1,0,0,0,0,0,0,2,2026-08-19 22:00:00+00:00,4495.14,4507.6,4494.44,4507.14,4722,4468.457618614625,4429.576562693005,4402.03035225897,4367.5505795661,4459.5160000000005,4405.2425,4395.2429999999995,4378.08695,35.16634762803915,20.73555583552679,14.430791792512359,19.98440388110531,41.196007194655785,13.844866136778046,40.3070978390074,4438.644447972474,1,0,4437.931808768539,1,4434.845,4416.1,4386.475,4392.27,4392.27,4386.475,0,0,0,81.29625794952432,99.73305478180129,96.55880206194452,113.63334182173143,-0.26694521819872025,84.0303059408498,4405.2425,4538.955403424098,4271.529596575902,0.8810309154562712,-2716.0,-29137.079300223195,4410.180483153683,4507.6,4324.6,4464.412,4437.694,4416.1,4394.506,4363.762000000001,0,1,0,0,4.0,4.0,13.410000000000764,0,0,0,0,nan,nan,nan,nan,1,0,0,0,0,0,0,0
93224730,XAUUSD.m,BUY,0.01,4494.65,4489.535953335527,4498.2912373315785,9.71,True,2026-08-20T09:15:54+00:00,4489.52,2026-08-20T10:02:25+00:00,LOSS,-5.13,CLOSED,4492.78,4494.47,4491.98,4494.4,143,4487.9954107531785,4487.569020005318,4491.137458291048,4478.379890696362,4484.819,4486.289,4490.9726,4493.63725,-0.7369126469884577,-2.312154171721537,1.5752415247330793,3.891237331578544,26.913963021465133,18.464525724384355,25.036789902432673,4481.470204949533,1,0,4479.323168,1,4486.18,4487.675,4495.5275,4502.8150000000005,4502.8150000000005,4495.5275,0,0,0,60.673093423697,99.57780458383222,89.75133959353134,127.66998017683642,-0.42219541616778505,47.548180886617004,4486.289,4495.920804553091,4476.657195446908,0.9210529789766366,15084.0,13909.780374042675,4485.521410211473,4500.86,4477.89,4495.43908,4492.08546,4489.375,4486.66454,4482.80558,0,0,0,0,8.0,0.0,13.149999999999636,1,0,0,0,nan,nan,nan,nan,1,0,0,0,0,0,0,2,2026-08-20 09:00:00+00:00,4481.31,4494.47,4480.01,4494.4,2260,4491.504589730658,4472.401159811324,4434.056254105855,4382.325761598593,4500.076999999999,4480.0095,4412.1284,4387.61235,26.284701601536653,30.445706142865802,-4.161004541329149,17.58734463327233,26.875821292088812,19.753822546975158,35.0368762561263,4461.1027828672,1,0,4521.5530883665915,-1,4502.27,4430.865,4361.7825,4380.31,4380.31,4361.7825,0,0,0,63.48447313160827,40.955693885023685,34.822693959016185,25.039405953482,-59.044306114976315,37.06499734001453,4480.0095,4566.571272886566,4393.447727113435,0.5831227198803882,-17427.0,-17651.193698519848,4477.995561131623,4526.65,4324.6,4478.9662,4449.4669,4425.625,4401.7831,4367.8387,0,0,1,0,3.0,5.0,3.7999999999992724,0,0,0,0,nan,nan,nan,nan,0,0,0,0,0,0,0,0
93372107,XAUUSD.m,BUY,0.01,4494.6,4480.399709944535,4522.40058011093,9.278,False,2026-08-20T17:32:54+00:00,4523.89,2026-08-20T18:01:27+00:00,WIN,29.29,CLOSED,4491.58,4495.32,4491.58,4494.4,600,4487.329250828795,4482.622335258788,4480.567625883052,4489.970908525314,4486.215,4481.407499999999,4478.3966,4492.5402,4.3450842354614,2.823133898262742,1.5219503371986578,7.000145027732446,25.243046428934615,10.097381602106497,29.614213661785012,4472.134044732631,1,0,4481.91,1,4487.355,4473.305,4469.6475,4474.645,4474.645,4469.6475,0,0,0,65.38576963601028,96.47239263803652,91.82507669747905,154.8129638608059,-3.527607361963479,64.44364473711076,4481.407499999999,4494.899412392223,4467.915587607776,0.9814921570158136,-6006.0,-8315.940824922367,4481.347510321217,4495.32,4450.61,4484.76844,4478.24078,4472.965,4467.689219999999,4460.17794,0,0,0,0,6.0,2.0,9.349999999999454,0,0,0,0,nan,nan,nan,nan,1,0,0,0,0,0,0,2,2026-08-20 17:00:00+00:00,4481.67,4495.32,4480.84,4494.4,6914,4484.960044340708,4478.528288440412,4447.650249213331,4401.58042409819,4484.557,4493.860500000001,4426.357800000001,4393.3935,13.020013539568936,18.458054938437428,-5.438041398868492,17.569832697529506,23.49998382991235,22.939284463970733,23.980571419068422,4461.1027826376185,1,0,4501.391281988008,-1,4474.645,4444.37,4360.045,4380.31,4380.31,4360.045,0,0,0,59.68541531462254,73.96959459459363,50.251620155077056,-22.563924231666807,-26.030405405406377,41.69373085789499,4493.860500000001,4522.28951221976,4465.431487780242,0.5094885463453419,-59404.0,-72926.24028976608,4491.929634585439,4526.65,4324.6,4478.9662,4449.4669,4425.625,4401.7831,4367.8387,0,0,0,0,4.0,4.0,4.339999999999236,1,0,0,0,nan,nan,nan,nan,0,0,0,0,0,0,0,2
93387179,XAUUSD.m,BUY,0.01,4522.48,4512.495666716272,4529.693466626983,10.538,True,2026-08-20T18:01:54+00:00,4530.64,2026-08-20T18:02:27+00:00,WIN,8.16,CLOSED,4516.09,4528.48,4515.23,4522.05,417,4505.403228505264,4494.996289482238,4486.662878125387,4492.166656931794,4501.021999999999,4491.531000000001,4480.4890000000005,4492.1821,9.895689858113656,6.486328431313729,3.4093614267999266,7.643466626982286,42.055204104252894,5.928124423746739,41.51060848729331,4498.10943118359,1,0,4500.85,1,4505.195,4498.86,4467.1175,4472.965,4472.965,4467.1175,0,0,0,80.85022657879652,86.90160928906197,95.09581392231443,203.5963621641304,-13.098390710938036,77.51043119878841,4491.531000000001,4518.3913663415,4464.670633658502,1.0681046865106978,-1324.0,-6537.742459713154,4489.905535438176,4528.48,4450.61,4510.10268,4498.73366,4489.545,4480.356339999999,4467.274179999999,0,0,0,0,8.0,0.0,22.800000000000182,1,0,0,0,nan,nan,nan,nan,1,0,0,0,0,0,0,2,2026-08-20 18:00:00+00:00,4516.09,4528.48,4515.23,4522.05,417,4495.832435472566,4484.533576152917,4451.3784193184,4401.393786223226,4490.796,4496.2865,4429.3122,4394.4461,16.36907781908394,18.31582577411299,-1.9467479550290498,18.64948022046582,32.68601320953956,20.067629656965835,24.990892925355,4464.959383753421,1,0,4451.922799999999,1,4489.545,4476.535,4386.01,4383.39,4386.01,4383.39,1,0,0,66.71350651862608,91.74264800308285,78.3498740512786,140.61222924582697,-8.257351996917157,48.93318502824122,4496.2865,4528.7430045139645,4463.829995486036,0.8968927089624723,-40967.0,-57986.82285661742,4493.311919140797,4528.48,4324.6,4480.36432,4450.597839999999,4426.54,4402.4821600000005,4368.230320000001,0,1,0,0,6.0,2.0,55.150000000000546,1,0,0,0,nan,nan,nan,nan,0,0,0,0,0,1,0,2
93388809,XAUUSD.m,BUY,0.01,4526.77,4516.421916716272,4534.868466626983,10.538,True,2026-08-20T18:02:54+00:00,4534.95,2026-08-20T18:03:22+00:00,WIN,8.18,CLOSED,4516.09,4536.25,4515.23,4526.67,653,4506.327228505264,4495.436289482238,4486.844054595975,4492.212627081048,4501.4839999999995,4491.762000000001,4480.5814,4492.2052,10.264236866660212,6.56003783302304,3.704199033637172,8.198466626982317,45.97781099958384,5.526816568891125,41.742584456652146,4499.66343118359,1,0,4500.85,1,4509.08,4502.745,4467.1175,4472.965,4472.965,4467.1175,0,0,0,82.37339398087269,83.15160042208937,93.84581096665688,223.50057156965616,-16.848399577910627,77.89384216421925,4491.762000000001,4519.781915173236,4463.742084826766,1.12291409135571,-1088.0,-6515.266269236963,4490.410948484102,4536.25,4450.61,4516.03896,4503.535519999999,4493.43,4483.32448,4468.93696,0,0,0,0,8.0,0.0,27.420000000000073,1,0,0,0,nan,nan,nan,nan,1,0,0,0,0,0,0,2,2026-08-20 18:00:00+00:00,4516.09,4536.25,4515.23,4526.67,653,4496.756435472566,4484.973576152917,4451.559595788988,4401.43975637248,4491.258,4496.5175,4429.4046,4394.4692,16.737624827630498,18.389535175822303,-1.6519103481918052,19.204480220465847,34.63135420496492,19.487685064258372,25.281085255847017,4466.513383753421,1,0,4451.922799999999,1,4493.43,4480.42,4386.01,4383.39,4386.01,4383.39,1,0,0,67.70964195904432,88.81363848668859,77.37353754581386,158.50312766171507,-11.18636151331141,49.04183774093148,4496.5175,4529.801285130802,4463.233714869198,0.9529608018063986,-40731.0,-57964.34666614123,4493.371603908067,4536.25,4324.6,4486.3006000000005,4455.3997,4430.425,4405.4503,4369.8931,0,1,0,0,6.0,2.0,59.77000000000044,1,0,0,0,nan,nan,nan,nan,1,0,0,0,0,0,0,2
93389578,XAUUSD.m,BUY,0.01,4534.66,4523.971916716272,4542.418466626983,10.538,True,2026-08-20T18:03:54+00:00,4523.8,2026-08-20T18:09:20+00:00,LOSS,-10.86,CLOSED,4516.09,4536.25,4515.23,4534.22,887,4507.837228505265,4496.155337101286,4487.1401330273475,4492.287751459157,4502.239,4492.1395,4480.7324,4492.24295,10.866516068939745,6.6804936734789475,4.186022395460798,8.198466626982317,45.97781099958384,5.526816568891125,41.742584456652146,4499.66343118359,1,0,4500.85,1,4509.08,4502.745,4467.1175,4472.965,4472.965,4467.1175,0,0,0,84.40100892109277,96.42982764685235,98.27188670824455,235.1331784355366,-3.570172353147656,78.26148980161744,4492.1395,4522.264022254339,4462.014977745662,1.1984426117154392,-854.0,-6492.980554951248,4490.926169566418,4536.25,4450.61,4516.03896,4503.535519999999,4493.43,4483.32448,4468.93696,0,0,0,0,8.0,0.0,34.970000000000255,1,0,0,0,nan,nan,nan,nan,1,0,0,0,0,0,0,2,2026-08-20 18:00:00+00:00,4516.09,4536.25,4515.23,4534.22,887,4498.266435472567,4485.6926237719645,4451.855674220361,4401.514880750589,4492.013000000001,4496.895,4429.5556,4394.50695,17.33990402990912,18.509991016278025,-1.1700869863689043,19.204480220465847,34.63135420496492,19.487685064258372,25.281085255847017,4466.513383753421,1,0,4451.922799999999,1,4493.43,4480.42,4386.01,4383.39,4386.01,4383.39,1,0,0,69.21518067901292,97.6296123306869,80.31219549381329,169.03353238763694,-2.3703876693130987,49.14916708470945,4496.895,4531.752769050238,4462.0372309497625,1.0353899721207922,-40497.0,-57942.06095185552,4493.433916828036,4536.25,4324.6,4486.3006000000005,4455.3997,4430.425,4405.4503,4369.8931,0,1,0,0,6.0,2.0,67.32000000000062,1,0,0,0,nan,nan,nan,nan,1,0,0,0,0,0,0,2
93479077,XAUUSD.m,BUY,0.01,4526.51,4517.190566553239,4544.158866893524,9.512,False,2026-08-21T04:21:54+00:00,4545.06,2026-08-21T07:21:33+00:00,WIN,18.55,CLOSED,4524.11,4527.32,4522.69,4526.18,379,4518.827873855045,4518.619693000887,4519.591391830423,4509.74477138813,4515.755999999999,4518.2195,4520.4746000000005,4504.49355,-0.6380845552685059,-1.9084660647401457,1.2703815094716397,4.494716723380946,27.83949120149616,15.428806417185939,26.76809849566142,4510.7288593969515,1,0,4510.253232,1,4518.014999999999,4520.45,4524.805,4520.4400000000005,4524.805,4520.4400000000005,1,0,0,63.71744285108826,93.87426114992242,88.38712533195523,100.11736597224952,-6.125738850077582,46.18197142481889,4518.2195,4529.866534363889,4506.572465636112,0.8417393540402702,3272.0,2609.409810360903,4517.5458326440585,4532.66,4508.71,4527.0078,4523.5111,4520.6849999999995,4517.8589,4513.8353,0,0,0,0,6.0,2.0,13.159999999999854,1,0,0,0,nan,nan,nan,nan,0,0,0,0,0,0,0,2,2026-08-21 04:00:00+00:00,4510.44,4527.32,4508.71,4526.18,4284,4517.902827757835,4506.208172107862,4472.372597818734,4409.91535242008,4520.786,4503.751,4457.5184,4402.6356,16.098354723819284,17.2767403042483,-1.1783855804290155,17.40457619135151,26.843742910775763,18.002054094769832,25.687611485354275,4476.318052059036,1,0,4479.255666866391,1,4517.695,4495.715,4450.6224999999995,4425.625,4450.6224999999995,4425.625,1,0,0,61.07094464376147,83.77120053209244,77.97361711561923,67.64379167207179,-16.228799467907564,64.08354557377587,4503.751,4544.063491938816,4463.438508061185,0.7781892029155848,14233.0,-6802.7635112539465,4501.387821292521,4540.82,4324.6,4489.79208,4458.22396,4432.71,4407.19604,4370.87108,0,0,0,0,3.0,5.0,7.350000000000364,0,0,0,0,nan,nan,nan,nan,0,0,0,0,0,0,0,0
93508694,XAUUSD.m,BUY,0.01,4544.48,4534.969624035569,4562.390751928862,9.472,False,2026-08-21T07:21:55+00:00,4534.71,2026-08-21T08:10:25+00:00,LOSS,-9.77,CLOSED,4541.25,4545.57,4540.96,4544.11,256,4538.307685178157,4535.128476391636,4530.244402682921,4515.387481899097,4536.051,4535.2755,4527.525000000001,4512.00875,3.3548145175036552,2.55891223271296,0.7959022847906954,4.570187982215552,32.82233491854534,9.072140845249923,38.89061199843247,4530.158584430907,1,0,4528.10338112,1,4536.145,4532.875,4528.55,4526.155000000001,4528.55,4526.155000000001,1,0,0,65.85990217841209,92.25464190981391,94.45220895054645,183.93206766835564,-7.745358090186094,67.276384691646,4535.2755,4543.879182137127,4526.671817862873,1.0134138999555036,8474.0,6824.555890239412,4535.114911636516,4545.57,4508.71,4536.87104,4531.48948,4527.139999999999,4522.79052,4516.59804,0,0,0,0,7.0,1.0,5.519999999999527,0,0,0,0,nan,nan,nan,nan,1,0,0,0,0,0,0,2,2026-08-21 07:00:00+00:00,4535.38,4545.57,4535.36,4544.11,2441,4528.422679812013,4514.792033362865,4479.933414386116,4412.096925322236,4527.424,4511.3395,4469.7764,4405.66515,17.38537181936681,17.180598864761137,0.2047729546056729,17.857240960421155,29.085599205439895,13.708606767618575,27.782459186718427,4487.478643563393,1,0,4490.156626408555,1,4527.139999999999,4498.09,4462.4825,4425.625,4462.4825,4425.625,1,0,0,66.10516272145567,97.74447705855083,92.00385972851272,115.10091788825903,-2.2555229414491675,79.12367327890351,4511.3395,4556.165342393839,4466.513657606161,0.8655313347162432,64860.0,31005.109528019086,4507.847204461101,4545.57,4324.6,4493.42108,4461.15946,4435.085,4409.01054,4371.8875800000005,0,0,0,0,5.0,3.0,33.67000000000007,0,0,0,0,nan,nan,nan,nan,1,0,0,0,0,0,0,2
93525013,XAUUSD.m,BUY,0.01,4546.69,4537.149333349684,4564.751333300633,9.68,False,2026-08-21T08:49:54+00:00,4564.85,2026-08-21T09:35:42+00:00,WIN,18.16,CLOSED,4543.17,4546.38,4541.63,4546.35,671,4539.403897000191,4538.2770342718895,4534.629522686871,4519.5897049749765,4537.343999999999,4539.7475,4534.562800000001,4517.134,1.3920216045880807,1.1807907760285197,0.211230828559561,4.600333325158127,27.178231755770195,15.622042837364743,26.937749299974907,4529.880472209138,1,1,4529.6006,1,4537.85,4537.285,4533.0425,4526.155000000001,4533.0425,4526.155000000001,1,1,0,62.66173945726829,99.82415005861814,76.31361836598184,109.0290790478304,-0.17584994138185603,43.74563348299563,4539.7475,4548.226293049735,4531.268706950265,0.8893537654045169,8543.0,7792.276014873331,4539.526107647167,4547.85,4518.29,4540.87384,4536.55808,4533.07,4529.5819200000005,4524.61584,0,0,0,0,7.0,1.0,15.890000000000327,1,0,0,0,nan,nan,nan,nan,0,0,0,0,0,0,0,0,2026-08-21 08:00:00+00:00,4540.54,4546.38,4529.32,4546.35,5964,4531.4369438496105,4517.489934952541,4482.4050398913005,4414.249889705457,4529.493,4514.011,4473.5026,4406.716649999999,17.61241186547977,17.22139480644134,0.39101705903843254,17.951519418127344,27.708619448388305,15.065865998249123,27.99786565589321,4487.934643564565,1,0,4494.772096295871,1,4528.280000000001,4499.23,4462.4825,4425.625,4462.4825,4425.625,1,0,0,66.80434402231958,96.67553191489368,91.57079401687535,104.64365113088219,-3.324468085106324,73.1393020461966,4514.011,4559.716381417592,4468.305618582409,0.8537767216570367,68873.0,29952.65465642225,4510.5032425599065,4547.85,4335.08,4497.636280000001,4466.57186,4441.465,4416.35814,4380.61278,0,0,0,1,4.0,4.0,15.640000000000327,0,0,0,0,nan,nan,nan,nan,0,0,0,0,0,0,0,2
93540066,XAUUSD.m,BUY,0.01,4565.35,4557.877033202054,4570.572373438357,11.242,True,2026-08-21T09:35:55+00:00,4570.6,2026-08-21T11:19:22+00:00,WIN,5.25,CLOSED,4561.37,4565.14,4561.27,4564.93,169,4554.750332935258,4548.807238744854,4541.051704693314,4519.958690198926,4553.626,4545.475,4540.133400000001,4521.54615,5.934422499138236,4.170797899353561,1.7636245997846753,5.642373438356664,33.51858375724458,7.937230233790389,38.83189963078707,4545.424762285289,1,0,4547.470004299495,1,4555.335,4547.23,4536.1775,4527.95,4536.1775,4527.95,1,0,0,70.68760112143787,99.4137353433835,94.65384780578334,154.62387354825964,-0.5862646566165068,69.75365760431427,4545.475,4565.035536533419,4525.914463466582,0.9973023098513079,16293.0,14367.823103291932,4545.473724728234,4565.14,4525.11,4555.69292,4549.84854,4545.125,4540.40146,4533.67642,0,0,0,0,8.0,0.0,9.110000000000582,1,0,0,0,nan,nan,nan,nan,1,0,0,0,0,0,0,2,2026-08-21 09:00:00+00:00,4553.56,4565.14,4545.53,4564.93,5558,4539.295555079689,4522.632752948539,4485.917376791164,4417.4015006075715,4533.84,4518.484,4477.8502,4407.9887,19.741399222691143,17.81792973207242,1.9234694906187215,18.723299389228206,31.03656407292398,11.273426203789962,30.16344508085578,4498.713311284139,1,0,4500.917886666284,1,4536.925,4507.875,4462.4825,4425.625,4462.4825,4425.625,1,0,0,71.40323868736857,99.66351546226561,94.6129360108773,158.56929804221315,-0.33648453773439163,77.44377841583612,4518.484,4568.024212863168,4468.943787136833,0.9687706947110412,70741.0,29187.299795127736,4513.686756943074,4565.14,4335.08,4510.84584,4477.25708,4450.110000000001,4422.96292,4384.31284,0,0,0,0,6.0,2.0,31.26000000000022,0,0,0,0,nan,nan,nan,nan,1,0,0,0,0,0,0,2
93564594,XAUUSD.m,BUY,0.01,4573.32,4562.238625843903,4594.7327483121935,9.142,False,2026-08-21T11:19:55+00:00,4594.76,2026-08-21T12:09:03+00:00,WIN,21.44,CLOSED,4565.5,4573.17,4563.91,4573.07,683,4565.254960342174,4562.338534669958,4553.735957140823,4530.546528803367,4564.4400000000005,4563.8895,4552.1738000000005,4529.688450000001,3.979392205456861,4.216807858057279,-0.23741565260041764,5.415687078048428,29.837310965967294,10.847282159967254,37.24964774785249,4552.072203026132,1,0,4559.16,1,4566.165,4559.35,4542.775,4537.26,4542.775,4537.26,1,0,0,65.58262913284885,99.31740614334221,68.92669757016836,274.49694983153887,-0.6825938566577903,65.31052630344504,4563.8895,4570.0270169848745,4557.751983015126,1.2479001705921544,13905.0,12484.788357632564,4563.794789881366,4573.17,4529.32,4562.8214,4556.4193,4551.245,4546.0707,4538.7038999999995,0,0,0,0,6.0,2.0,8.889999999999418,1,0,0,0,nan,nan,nan,nan,1,0,0,0,0,0,0,2,2026-08-21 11:00:00+00:00,4564.23,4573.17,4559.16,4573.07,2640,4549.5122752510015,4530.699812139709,4492.14101884392,4422.62007742003,4542.869000000001,4527.295499999999,4486.4484,4410.13565,21.68441418909879,18.966328468990113,2.718085720108675,17.91227655039392,31.033873323854383,10.160571950441895,32.88086274784261,4512.992352139461,1,0,4517.166656629043,1,4540.9400000000005,4511.889999999999,4466.5675,4425.625,4466.5675,4425.625,1,0,0,73.40532260449311,99.84603541185471,94.47577732482735,168.71668276627057,-0.15396458814528727,86.95023590619715,4527.295499999999,4576.162709315832,4478.428290684166,0.9683559859552848,70127.0,25050.55067922223,4520.705891805196,4573.17,4335.08,4516.98076,4482.21962,4454.125,4426.03038,4386.03126,0,0,0,0,7.0,1.0,32.529999999999745,0,0,0,0,nan,nan,nan,nan,1,0,0,0,0,0,0,2
93580866,XAUUSD.m,BUY,0.01,4596.51,4585.973939392288,4616.832121215424,10.672,False,2026-08-21T12:10:55+00:00,4585.94,2026-08-21T12:23:42+00:00,LOSS,-10.57,CLOSED,4595.53,4597.07,4595.38,4596.26,157,4585.79151551912,4577.863494111036,4564.709143962597,4538.826332996211,4584.534000000001,4575.2405,4561.4376,4533.0436,8.614334043966664,7.041279249819727,1.5730547941469375,5.143030303855964,38.65859140111419,6.22064316593541,50.06214672272074,4580.913967451141,1,0,4579.267489411551,1,4586.735,4577.795,4553.5975,4547.110000000001,4553.5975,4547.110000000001,1,0,0,79.07498173374668,97.86336059087445,98.37787695371469,152.55011370386248,-2.1366394091255443,78.1183865322683,4575.2405,4597.344211024465,4553.136788975535,0.9754744571338094,13258.0,10211.590243998986,4574.325070550162,4597.07,4529.32,4581.081,4571.1894999999995,4563.195,4555.2005,4543.818499999999,0,0,0,0,7.0,1.0,14.8100000000004,1,0,0,0,nan,nan,nan,nan,1,0,0,0,0,0,0,2,2026-08-21 12:00:00+00:00,4583.95,4597.07,4582.2,4596.26,1583,4560.593020200801,4537.875975153862,4496.631181407557,4424.122577161615,4550.954,4533.9115,4491.879,4411.38725,24.943140630475682,20.299792655388337,4.6433479750873445,18.47430677333996,36.8566180755741,9.147788330929428,35.168576046162016,4534.1461169299355,1,0,4528.007191568397,1,4552.889999999999,4523.84,4466.5675,4425.625,4466.5675,4425.625,1,0,0,77.83253489299972,99.08329560887337,97.18597275006675,213.28326792309826,-0.9167043911266338,86.80037914461894,4533.9115,4587.3635870647795,4480.459412935221,1.083218574088969,84198.0,37381.80888606116,4527.144509048958,4597.07,4335.28,4535.28756,4497.06622,4466.174999999999,4435.28378,4391.30306,0,0,0,0,8.0,0.0,42.659999999999854,1,0,0,0,nan,nan,nan,nan,1,0,0,0,0,0,0,2
93597062,XAUUSD.m,BUY,0.01,4594.01,4587.460369659781,4598.799704272176,11.178,True,2026-08-21T13:43:55+00:00,4587.39,2026-08-21T14:01:03+00:00,LOSS,-6.62,CLOSED,4593.59,4594.05,4591.15,4593.76,385,4588.694861925548,4585.514581558698,4575.803575490749,4546.807015892249,4586.636,4586.969,4576.2622,4539.5697,4.027168742180038,3.7983893745307395,0.2287793676492984,5.039704272175907,28.8681944510116,11.677652051498535,36.042276691450894,4596.968826161301,-1,0,4579.58364544,1,4586.005,4589.18,4568.209999999999,4555.549999999999,4568.209999999999,4555.549999999999,1,0,0,64.24198003413255,98.19763828464909,98.59755773180986,97.70933569680057,-1.8023617153509073,70.42183245485818,4586.969,4597.939812760782,4575.998187239218,0.8095030490483085,12590.0,10448.606188543617,4587.049814088484,4601.96,4558.52,4591.70816,4585.36592,4580.24,4575.11408,4567.81616,0,0,0,0,8.0,0.0,7.640000000000327,1,0,0,0,nan,nan,nan,nan,0,0,0,0,0,0,1,2,2026-08-21 13:00:00+00:00,4582.5,4594.05,4577.96,4593.76,5361,4565.020016160642,4542.010009259859,4499.918668367753,4424.633801674967,4557.907,4538.837,4496.4954,4412.4861,25.487015708654326,21.161229183028333,4.325786525625993,18.749050316951077,35.45237670208001,9.291851610629944,36.93686652185516,4533.668116929231,1,0,4541.318697086085,1,4560.125,4526.285,4465.8075,4425.625,4465.8075,4425.625,1,0,0,76.98458615917599,91.20643431635408,89.65424521102284,169.65605496269137,-8.793565683645918,87.2512094138845,4538.837,4589.904367724584,4487.769632275417,1.0377504505050155,85996.0,46682.58672004603,4535.134994985638,4601.96,4347.46,4541.898,4504.741,4474.71,4444.679,4401.923,0,0,0,1,6.0,2.0,32.89000000000033,0,0,0,0,nan,nan,nan,nan,0,0,0,0,0,0,0,0
93606880,XAUUSD.m,BUY,0.01,4599.03,4588.640537193273,4618.968925613453,10.28,False,2026-08-21T14:22:55+00:00,4588.38,2026-08-21T15:18:04+00:00,LOSS,-10.65,CLOSED,4596.17,4600.86,4596.12,4598.75,414,4593.053557896072,4589.727247823598,4580.454238879042,4550.104889434379,4592.764,4588.6005000000005,4580.9376,4542.745,4.061288697544114,3.7556043793469382,0.305684318197176,5.054731403363436,30.98426868000577,12.423429211413136,35.10938099203664,4583.406562574661,1,1,4588.45,1,4593.995,4589.96,4584.045,4564.975,4584.045,4564.975,1,0,0,65.17206918149346,90.55505819158574,84.93871074492311,162.23931488384537,-9.444941808414256,70.76629003222064,4588.6005000000005,4599.225896537529,4577.975103462472,0.9776057046036946,12318.0,12210.629598052126,4588.207806166905,4601.96,4559.16,4591.8592,4585.6104,4580.5599999999995,4575.5096,4568.3192,0,0,0,0,6.0,2.0,4.920000000000073,1,0,0,0,nan,nan,nan,nan,1,0,0,0,0,0,0,0,2026-08-21 14:00:00+00:00,4588.47,4600.86,4587.13,4598.75,3021,4570.919612928514,4546.957990233132,4503.593810906654,4425.616198668346,4564.182,4542.7105,4501.269,4413.56095,26.55679561521083,22.172824074398246,4.383971540812585,18.390546128630817,36.20679833911106,8.796344282783487,38.64908306285801,4538.955174715193,1,0,4552.234131610589,1,4564.34,4526.285,4465.255,4425.625,4465.255,4425.625,1,0,0,77.9929306675426,96.5576407506702,87.06344950848985,161.0343206954572,-3.442359249329798,84.06252883153115,4542.7105,4598.154757630638,4487.266242369362,1.0053679352452243,96466.0,56572.907255077545,4539.363824315882,4601.96,4351.06,4542.7476,4506.1162,4476.51,4446.9038,4404.752600000001,0,0,0,1,6.0,2.0,34.56999999999971,0,0,0,0,nan,nan,nan,nan,0,0,0,0,0,0,0,0
